x,y,quote
54704,20,Abschnitt Die Produktion des absoluten Mehrwerts DRITTER ABSCHNITT Die Produktion
55520,20,Abschnitt Die Produktion des absoluten Mehrwerts sehn von der Ergreifung
56403,20,Abschnitt Die Produktion des absoluten Mehrwerts dukte einer durch viele
57206,20,Abschnitt Die Produktion des absoluten Mehrwerts vorhandnen Erde vorgeht dienen
58169,20,Abschnitt Die Produktion des absoluten Mehrwerts pour lui même in
58998,20,Abschnitt Die Produktion des absoluten Mehrwerts sellschaftlichen Produktionsbedingungen nothwendige Arbeitszeit
59826,20,Abschnitt Die Produktion des absoluten Mehrwerts Baumwolle und Spindelmasse Tag
60862,20,Abschnitt Die Produktion des absoluten Mehrwerts Bildet diese seine Arbeit
61755,20,Abschnitt Die Produktion des absoluten Mehrwerts Dauert der Werthbildungsproceß über
62754,20,Abschnitt Die Produktion des absoluten Mehrwerts keiner Weise von der
63662,20,Abschnitt Die Produktion des absoluten Mehrwerts Charakter durch die specifisch
64511,20,Abschnitt Die Produktion des absoluten Mehrwerts stand ein Ding wenn
65467,20,Abschnitt Die Produktion des absoluten Mehrwerts 186 Andrerseits kann umgekehrt
66537,20,Abschnitt Die Produktion des absoluten Mehrwerts 189 Was überhaupt an
67465,20,Abschnitt Die Produktion des absoluten Mehrwerts Markt cirkulirende Baumwolle fügt
67894,20,Siebentes Kapitel Die Rate des Mehrwerts material verarbeiteten jetzt 1
68210,20,Abschnitt Die Produktion des absoluten Mehrwerts nur ein Stück seines
68647,20,Siebentes Kapitel Die Rate des Mehrwerts Kapital vorgeschossen wird nur
69053,20,Abschnitt Die Produktion des absoluten Mehrwerts Allerdings hat das Verhältniß
69496,20,Siebentes Kapitel Die Rate des Mehrwerts Wir haben gesehn daß
69940,20,Abschnitt Die Produktion des absoluten Mehrwerts und die in ihr
70395,20,Siebentes Kapitel Die Rate des Mehrwerts Herrn Carey und andre
70816,20,Abschnitt Die Produktion des absoluten Mehrwerts Woche Der Arbeitslohn beträgt
71244,20,Siebentes Kapitel Die Rate des Mehrwerts 203 2 Darstellung des
71635,20,Abschnitt Die Produktion des absoluten Mehrwerts brauchswerth betrachtet als Garn
72055,20,Siebentes Kapitel Die Rate des Mehrwerts Wir betrachteten eben das
72448,20,Abschnitt Die Produktion des absoluten Mehrwerts 3 Senior s Letzte
72889,20,Siebentes Kapitel Die Rate des Mehrwerts 208 Und das nennt
73430,20,Abschnitt Die Produktion des absoluten Mehrwerts Eurer Angabe lll 2
73901,20,Siebentes Kapitel Die Rate des Mehrwerts zahlt so werdet Ihr
74468,20,Abschnitt Die Produktion des absoluten Mehrwerts Wenn einmal Euer letztes
75436,20,Abschnitt Die Produktion des absoluten Mehrwerts Arbeitstag I Arbeitstag II
76324,20,Abschnitt Die Produktion des absoluten Mehrwerts brauchswerth seiner Waare herauszuschlagen
77136,20,Abschnitt Die Produktion des absoluten Mehrwerts Gebrauchswerth des Produkts vorwiegt
78005,20,Abschnitt Die Produktion des absoluten Mehrwerts jedoch nur thatsächlich nicht
78929,20,Abschnitt Die Produktion des absoluten Mehrwerts Hören wir einen Augenblick
79848,20,Abschnitt Die Produktion des absoluten Mehrwerts Der durch Ueberarbeit über
80677,20,Abschnitt Die Produktion des absoluten Mehrwerts 22 Jahre den Gegenstand
81539,20,Abschnitt Die Produktion des absoluten Mehrwerts ein Wiener Arzt schon
82452,20,Abschnitt Die Produktion des absoluten Mehrwerts I860 for preventing the
83420,20,Abschnitt Die Produktion des absoluten Mehrwerts tique verkaufen Gegen Ende
84327,20,Abschnitt Die Produktion des absoluten Mehrwerts Londoner Grand Jury gleichzeitig
85373,20,Abschnitt Die Produktion des absoluten Mehrwerts an der Apoplexie aber
86364,20,Abschnitt Die Produktion des absoluten Mehrwerts 245 Von den allgemeinen
87470,20,Abschnitt Die Produktion des absoluten Mehrwerts 248 Laßt uns nun
88439,20,Abschnitt Die Produktion des absoluten Mehrwerts später passend das zur
89372,20,Abschnitt Die Produktion des absoluten Mehrwerts 253 5 Der Kampf
90365,20,Abschnitt Die Produktion des absoluten Mehrwerts damit die Dauer ihrer
91210,20,Abschnitt Die Produktion des absoluten Mehrwerts 258 Was die Erfahrung
92364,20,Abschnitt Die Produktion des absoluten Mehrwerts 261 Die Festsetzung eines
93436,20,Abschnitt Die Produktion des absoluten Mehrwerts Vater der politischen Oekonomie
94492,20,Abschnitt Die Produktion des absoluten Mehrwerts und sie dumm träg
95433,20,Abschnitt Die Produktion des absoluten Mehrwerts das französische Volk aus
96432,20,Abschnitt Die Produktion des absoluten Mehrwerts beite mit Ausnahme gewisser
97323,20,Abschnitt Die Produktion des absoluten Mehrwerts möglichkeit jeder Kontrole unter
98183,20,Abschnitt Die Produktion des absoluten Mehrwerts Zehnstundenagitation ihren Höhepunkt Sie
99109,20,Abschnitt Die Produktion des absoluten Mehrwerts anten brauchten sich also
99949,20,Abschnitt Die Produktion des absoluten Mehrwerts 281 Dieß Shylock sche
100821,20,Abschnitt Die Produktion des absoluten Mehrwerts des Akts der verfaßt
101723,20,Abschnitt Die Produktion des absoluten Mehrwerts Ein Theil der Fabrikanten
102562,20,Abschnitt Die Produktion des absoluten Mehrwerts Proteste der Fabrikinspektoren dauert
103619,20,Abschnitt Die Produktion des absoluten Mehrwerts ken und Strumpfwirkereien 1861
104600,20,Abschnitt Die Produktion des absoluten Mehrwerts nicht nur viele andre
105661,20,Abschnitt Die Produktion des absoluten Mehrwerts Neuengland bis nach Kalifornien
106176,20,Kapitel Rate und Masse des Mehrwerts kel eine Sehne ein
106647,20,Abschnitt Die Produktion des absoluten Mehrwerts Das variable Kapital ist
106996,20,Kapitel Rate und Masse des Mehrwerts Abnahme des einen Faktors
107207,20,Kapitals durch gesteigerte Rate des Mehrwerts oder Verlängerung des Arbeitstags
107417,20,Abschnitt Die Produktion des absoluten Mehrwerts aus Tag ein niemals
107848,20,Kapitel Rate und Masse des Mehrwerts maß der Werth des
108235,20,Abschnitt Die Produktion des absoluten Mehrwerts werths durch das gesellschaftliche
108719,20,Kapitel Rate und Masse des Mehrwerts sters in den Kapitalisten
109222,20,Abschnitt Die Produktion des absoluten Mehrwerts erfuhr also auch nicht
109610,20,Kapitel Rate und Masse des Mehrwerts Verrückung des Verhältnisses von
110004,20,Abschnitt Die Produktion des relativen Mehrwerts 309 VIERTER ABSCHNITT Die
110374,20,Zehntes Kapitel Begriff des relativen Mehrwerts Andrerseits ist die Größe
110909,20,Abschnitt Die Produktion des relativen Mehrwerts der Lohn des Arbeiters
111355,20,Zehntes Kapitel Begriff des relativen Mehrwerts Um den Werth der
111757,20,Abschnitt Die Produktion des relativen Mehrwerts als Zwangsgesetze der Konkurrenz
112212,20,Zehntes Kapitel Begriff des relativen Mehrwerts ihn in 24 Stück
112677,20,Abschnitt Die Produktion des relativen Mehrwerts Werths Seine Mehrarbeit wächst
113134,20,Zehntes Kapitel Begriff des relativen Mehrwerts 13181 Der absolute Werth
113698,20,Abschnitt Die Produktion des relativen Mehrwerts Stunde z B 10
114533,20,Abschnitt Die Produktion des relativen Mehrwerts tigt existirt der Arbeitstag
115312,20,Abschnitt Die Produktion des relativen Mehrwerts Wie die Angriffskraft einer
116359,20,Abschnitt Die Produktion des relativen Mehrwerts bestimmte Arbeitsresultate erzielt werden
117271,20,Abschnitt Die Produktion des relativen Mehrwerts Und wie mit dem
118083,20,Abschnitt Die Produktion des relativen Mehrwerts foremen overlookers contre maîtres
118954,20,Abschnitt Die Produktion des relativen Mehrwerts zeine Individuum sich von
119682,20,Abschnitt Die Produktion des relativen Mehrwerts schäftigt ist verliert nach
120522,20,Abschnitt Die Produktion des relativen Mehrwerts 2 Der Theilarbeiter und
121398,20,Abschnitt Die Produktion des relativen Mehrwerts u s w werden
122192,20,Abschnitt Die Produktion des relativen Mehrwerts eine Masse heterogener Processe
123113,20,Abschnitt Die Produktion des relativen Mehrwerts Intensität der Arbeit erzeugt
123946,20,Abschnitt Die Produktion des relativen Mehrwerts gen oder Mißlingen des
124823,20,Abschnitt Die Produktion des relativen Mehrwerts tion angeeignet und lebenslang
125706,20,Abschnitt Die Produktion des relativen Mehrwerts mälige Verwandlung dieser Produkte
126545,20,Abschnitt Die Produktion des relativen Mehrwerts einer Parcellirung des Menschen
127532,20,Abschnitt Die Produktion des relativen Mehrwerts den Zwang den der
128408,20,Abschnitt Die Produktion des relativen Mehrwerts asiatischer Gesellschaften so auffallend
129230,20,Abschnitt Die Produktion des relativen Mehrwerts Fabel des Menenius Agrippa
130200,20,Abschnitt Die Produktion des relativen Mehrwerts unter dem ersten französischen
131103,20,Abschnitt Die Produktion des relativen Mehrwerts Die politische Oekonomie die
132329,20,Abschnitt Die Produktion des relativen Mehrwerts Hindernisse Obgleich sie wie
133079,20,Abschnitt Die Produktion des relativen Mehrwerts um große allgemeine Charakterzüge
133981,20,Abschnitt Die Produktion des relativen Mehrwerts Werkzeuge von dem eigentlichen
134878,20,Abschnitt Die Produktion des relativen Mehrwerts mus der mit einer
135862,20,Abschnitt Die Produktion des relativen Mehrwerts nismus in Werkzeuge eines
136722,20,Abschnitt Die Produktion des relativen Mehrwerts Wird der Arbeiter dem
137519,20,Abschnitt Die Produktion des relativen Mehrwerts mittelbare technische Grundlage der
138338,20,Abschnitt Die Produktion des relativen Mehrwerts zu schweißen zu schneiden
139125,20,Abschnitt Die Produktion des relativen Mehrwerts von Menschenhand um Naturkräfte
140006,20,Abschnitt Die Produktion des relativen Mehrwerts einer 1857 veröffentlichten Vorlesung
141113,20,Abschnitt Die Produktion des relativen Mehrwerts Werkzeug dem Arbeitsgegenstand zusetzen
142042,20,Abschnitt Die Produktion des relativen Mehrwerts Zwangsgesetze der Konkurrenz beeinflußt
142899,20,Abschnitt Die Produktion des relativen Mehrwerts tung des individuellen erwachsnen
143909,20,Abschnitt Die Produktion des relativen Mehrwerts Theil der Eltern entziehe
144812,20,Abschnitt Die Produktion des relativen Mehrwerts Die aus der kapitalistischen
145687,20,Abschnitt Die Produktion des relativen Mehrwerts per Tag und nach
146715,20,Abschnitt Die Produktion des relativen Mehrwerts durch die Länge des
147685,20,Abschnitt Die Produktion des relativen Mehrwerts 414 Die Maschine producirt
148573,20,Abschnitt Die Produktion des relativen Mehrwerts begrüßte die Erfindung der
149382,20,Abschnitt Die Produktion des relativen Mehrwerts 3 Y3 Stunden Mehrarbeit
150235,20,Abschnitt Die Produktion des relativen Mehrwerts durch unscheinbare Detailveränderungen wie
151049,20,Abschnitt Die Produktion des relativen Mehrwerts jetzt 6000 in der
151973,20,Abschnitt Die Produktion des relativen Mehrwerts mitgetheilten Thatsachen hervorgeht werden
152817,20,Abschnitt Die Produktion des relativen Mehrwerts nung der Weiber und
153647,20,Abschnitt Die Produktion des relativen Mehrwerts terbrechung des Arbeitsprocesses Den
154607,20,Abschnitt Die Produktion des relativen Mehrwerts in heilsamer Erinnrung halten
155799,20,Abschnitt Die Produktion des relativen Mehrwerts 435 Wir deuten nur
156979,20,Abschnitt Die Produktion des relativen Mehrwerts 439 des ersten Dritttheils
157980,20,Abschnitt Die Produktion des relativen Mehrwerts steht im direkten Verhältniß
158954,20,Abschnitt Die Produktion des relativen Mehrwerts progressiv verdrängt 203 Die
159731,20,Abschnitt Die Produktion des relativen Mehrwerts Anzahl der beschäftigten Personen
160548,20,Abschnitt Die Produktion des relativen Mehrwerts terbrechungen verursacht durch die
161375,20,Abschnitt Die Produktion des relativen Mehrwerts Nach dieser Theorie waren
162248,20,Abschnitt Die Produktion des relativen Mehrwerts ihn verpaupert u s
163165,20,Abschnitt Die Produktion des relativen Mehrwerts keinem Zweifel daß der
163940,20,Abschnitt Die Produktion des relativen Mehrwerts ren einen stets größren
164764,20,Abschnitt Die Produktion des relativen Mehrwerts dein 6 819146 Pferdekraft
165658,20,Abschnitt Die Produktion des relativen Mehrwerts In den wenigen Bemerkungen
166432,20,Abschnitt Die Produktion des relativen Mehrwerts theil steht in direktem
167125,20,Abschnitt Die Produktion des relativen Mehrwerts kanten das Monopol der
167930,20,Abschnitt Die Produktion des relativen Mehrwerts von 3 sh 4
168854,20,Abschnitt Die Produktion des relativen Mehrwerts 473 Revolutionirung von Manufaktur
169734,20,Abschnitt Die Produktion des relativen Mehrwerts sehn hiervon wird die
170508,20,Abschnitt Die Produktion des relativen Mehrwerts noch sporadisch angewandt wird
171428,20,Abschnitt Die Produktion des relativen Mehrwerts 480 d Die moderne
172236,20,Abschnitt Die Produktion des relativen Mehrwerts muß muß Mutter weiß
172999,20,Abschnitt Die Produktion des relativen Mehrwerts ihr auch die auf
173809,20,Abschnitt Die Produktion des relativen Mehrwerts mit Hand und Fuß
174661,20,Abschnitt Die Produktion des relativen Mehrwerts Diese naturwüchsig vorgehende industrielle
175557,20,Abschnitt Die Produktion des relativen Mehrwerts Die Mißstände die wir
176476,20,Abschnitt Die Produktion des relativen Mehrwerts trade von interessirten Kapitalisten
177459,20,Abschnitt Die Produktion des relativen Mehrwerts tifying surgeon der Fabriken
178415,20,Abschnitt Die Produktion des relativen Mehrwerts stem wie man im
179373,20,Abschnitt Die Produktion des relativen Mehrwerts instruments Die erfahrungsmäßig entsprechende
180259,20,Abschnitt Die Produktion des relativen Mehrwerts schiednen Produktionsinstrumente erhalten Wenn
181134,20,Abschnitt Die Produktion des relativen Mehrwerts nufaktur umschlägt und endlich
182007,20,Abschnitt Die Produktion des relativen Mehrwerts jemals das Auge der
183379,20,Abschnitt Die Produktion des relativen Mehrwerts angedeutet die Verwandlung zerstreuter
184815,20,Abschnitt Die Produktion des relativen Mehrwerts gemeinert damit auch den
185711,20,Abschnitt Die Produktion des relativen Mehrwerts stände jenes Stoffwechsels ihn
186124,20,Vierzehntes Kapitel Absoluter und relativer Mehrwert FÜNFTER ABSCHNITT Die Produktion
186514,20,Produktion des absoluten und relativen Mehrwerts haupt aus dem unmittelbaren
186920,20,Vierzehntes Kapitel Absoluter und relativer Mehrwert Produktion des absoluten Mehrwerths
187313,20,Produktion des absoluten und relativen Mehrwerts relativen Mehrwerths wirkt sie
187439,20,Unterschied zwischen absolutem und relativem Mehrwert fühlbar sobald es gilt
187732,20,Vierzehntes Kapitel Absoluter und relativer Mehrwert Vorstellungen mit dieser naturwüchsigen
188165,20,Produktion des absoluten und relativen Mehrwerts Luft so mild ist
188655,20,Vierzehntes Kapitel Absoluter und relativer Mehrwert dei Holland u s
189216,20,Produktion des absoluten und relativen Mehrwerts mischt und geseiht es
189647,20,Vierzehntes Kapitel Absoluter und relativer Mehrwert zes zu variiren der
190077,20,Produktion des absoluten und relativen Mehrwerts schenzeit nöthigen Mittel hätte
190445,20,von Preis der Arbeitskraft und Mehrwert tionskosten der Arbeiterfamilie und
190803,20,Produktion des absoluten und relativen Mehrwerts Größe z B 6
191293,20,von Preis der Arbeitskraft und Mehrwert tivkraft der Arbeit um
191771,20,Produktion des absoluten und relativen Mehrwerts Masse selbst kann bei
192235,20,von Preis der Arbeitskraft und Mehrwert werth 100 Pfd St
192621,20,Produktion des absoluten und relativen Mehrwerts duktivität der Arbeit nur
193024,20,von Preis der Arbeitskraft und Mehrwert 2 Verlängerung des Arbeitstags
193413,20,Produktion des absoluten und relativen Mehrwerts variiren in derselben oder
193830,20,von Preis der Arbeitskraft und Mehrwert lohn Profit und Grundrente
194383,20,Produktion des absoluten und relativen Mehrwerts ansprüche größer Andrerseits würde
194708,20,Formeln für die Rate des Mehrwerts II Mehrarbeit Mehrwerth Mehrprodukt
195205,20,Produktion des absoluten und relativen Mehrwerts Mehrwerth stets kleiner als
195629,20,Formeln für die Rate des Mehrwerts 15451 Uebrigens sind die
213751,20,verschwindet Zweiundzwanzigstes Kapitel Verwandlung von Mehrwert in Kapital Der kapitalistische
214560,20,Produk Zweiundzwanzigstes Kapitel Verwandlung von Mehrwert in Kapital tionsmittel und
215391,20,110 Zweiundzwanzigstes Kapitel Verwandlung von Mehrwert in Kapital sprünglichen Arbeit
216231,20,Marx Zweiundzwanzigstes Kapitel Verwandlung von Mehrwert in Kapital für seine
217138,20,again Zweiundzwanzigstes Kapitel Verwandlung von Mehrwert in Kapital Bestandtheile der
218034,20,billi Zweiundzwanzigstes Kapitel Verwandlung von Mehrwert in Kapital Aber die
219025,20,sqq Zweiundzwanzigstes Kapitel Verwandlung von Mehrwert in Kapital strie liefert
219959,20,343 Zweiundzwanzigstes Kapitel Verwandlung von Mehrwert in Kapital sten Daß
220805,20,36sq Zweiundzwanzigstes Kapitel Verwandlung von Mehrwert in Kapital würdigt diese
221839,20,1797 Zweiundzwanzigstes Kapitel Verwandlung von Mehrwert in Kapital talistischen Produktion
222720,20,an Zweiundzwanzigstes Kapitel Verwandlung von Mehrwert in Kapital Arbeit eine
223489,20,unge Zweiundzwanzigstes Kapitel Verwandlung von Mehrwert in Kapital heurer Unterschied
224614,20,110 Zweiundzwanzigstes Kapitel Verwandlung von Mehrwert in Kapital Da die
225534,20,Cirkulationsprocesses Zweiundzwanzigstes Kapitel Verwandlung von Mehrwert in Kapital präsentirt oder
466689,20,Teil Erster Abschnitt Verwandlung von Mehrwert und Mehrwertrate meine Reflexionen
467068,20,Buch Erstes Kapitel Verwandlung des Mehrwerts in Profit Manuskript III
467486,20,Teil Erster Abschnitt Verwandlung von Mehrwert und Mehrwertrate den 400c
468321,20,Teil Erster Abschnitt Verwandlung von Mehrwert und Mehrwertrate Vergleichen wir
469097,20,Teil Erster Abschnitt Verwandlung von Mehrwert und Mehrwertrate so die
469925,20,Teil Erster Abschnitt Verwandlung von Mehrwert und Mehrwertrate geht wie
470732,20,Teil Erster Abschnitt Verwandlung von Mehrwert und Mehrwertrate springt Wir
471583,20,Teil Erster Abschnitt Verwandlung von Mehrwert und Mehrwertrate ZWEITES KAPITEL
472365,20,Teil Erster Abschnitt Verwandlung von Mehrwert und Mehrwertrate Aus der
473164,20,Teil Erster Abschnitt Verwandlung von Mehrwert und Mehrwertrate Indem alle
473986,20,Teil Erster Abschnitt Verwandlung von Mehrwert und Mehrwertrate proceß aus
474738,20,Teil Erster Abschnitt Verwandlung von Mehrwert und Mehrwertrate Wir behalten
475483,20,Teil Erster Abschnitt Verwandlung von Mehrwert und Mehrwertrate durch von
476241,20,Teil Erster Abschnitt Verwandlung von Mehrwert und Mehrwertrate Setzen wir
476967,20,Teil Erster Abschnitt Verwandlung von Mehrwert und Mehrwertrate Die Voraussetzungen
477723,20,Teil Erster Abschnitt Verwandlung von Mehrwert und Mehrwertrate II 90
478387,20,Teil Erster Abschnitt Verwandlung von Mehrwert und Mehrwertrate da keine
479155,20,Teil Erster Abschnitt Verwandlung von Mehrwert und Mehrwertrate also wieder
479824,20,Teil Erster Abschnitt Verwandlung von Mehrwert und Mehrwertrate 80 20
480577,20,Teil Erster Abschnitt Verwandlung von Mehrwert und Mehrwertrate 41 In
481251,20,Teil Erster Abschnitt Verwandlung von Mehrwert und Mehrwertrate worin nur
481944,20,Teil Erster Abschnitt Verwandlung von Mehrwert und Mehrwertrate ist entschieden
482744,20,Teil Erster Abschnitt Verwandlung von Mehrwert und Mehrwertrate Nehmen wir
483541,20,Teil Erster Abschnitt Verwandlung von Mehrwert und Mehrwertrate zung von
484308,20,Teil Erster Abschnitt Verwandlung von Mehrwert und Mehrwertrate Es findet
485096,20,Teil Erster Abschnitt Verwandlung von Mehrwert und Mehrwertrate zurückgeschleudert werden
485896,20,Teil Erster Abschnitt Verwandlung von Mehrwert und Mehrwertrate Das Charakteristische
486728,20,Teil Erster Abschnitt Verwandlung von Mehrwert und Mehrwertrate Es ist
487512,20,Teil Erster Abschnitt Verwandlung von Mehrwert und Mehrwertrate in einem
488228,20,Teil Erster Abschnitt Verwandlung von Mehrwert und Mehrwertrate Ersparniß an
489015,20,Teil Erster Abschnitt Verwandlung von Mehrwert und Mehrwertrate die Processe
489858,20,Teil Erster Abschnitt Verwandlung von Mehrwert und Mehrwertrate besitzt die
490514,20,Teil Erster Abschnitt Verwandlung von Mehrwert und Mehrwertrate 1691 Anzahl
491338,20,Teil Erster Abschnitt Verwandlung von Mehrwert und Mehrwertrate sern zu
492118,20,Teil Erster Abschnitt Verwandlung von Mehrwert und Mehrwertrate macht so
492932,20,Teil Erster Abschnitt Verwandlung von Mehrwert und Mehrwertrate den letzten
493690,20,Teil Erster Abschnitt Verwandlung von Mehrwert und Mehrwertrate höchst schmähliche
494547,20,Teil Erster Abschnitt Verwandlung von Mehrwert und Mehrwertrate 1801 V
495229,20,Teil Erster Abschnitt Verwandlung von Mehrwert und Mehrwertrate Leder etc
496078,20,Teil Erster Abschnitt Verwandlung von Mehrwert und Mehrwertrate wird durch
496952,20,Teil Erster Abschnitt Verwandlung von Mehrwert und Mehrwertrate Werthsteigerung und
497727,20,Teil Erster Abschnitt Verwandlung von Mehrwert und Mehrwertrate cirt wurden
498509,20,Teil Erster Abschnitt Verwandlung von Mehrwert und Mehrwertrate Bei der
499328,20,Teil Erster Abschnitt Verwandlung von Mehrwert und Mehrwertrate Mehrwerth producirt
500119,20,Teil Erster Abschnitt Verwandlung von Mehrwert und Mehrwertrate Kapitals der
500974,20,Teil Erster Abschnitt Verwandlung von Mehrwert und Mehrwertrate Fabrikinspektoren wieder
501817,20,Teil Erster Abschnitt Verwandlung von Mehrwert und Mehrwertrate sehen Wollmarkts
502611,20,Teil Erster Abschnitt Verwandlung von Mehrwert und Mehrwertrate statt 12
503441,20,Teil Erster Abschnitt Verwandlung von Mehrwert und Mehrwertrate wir glaube
504229,20,Teil Erster Abschnitt Verwandlung von Mehrwert und Mehrwertrate durch die
505082,20,Teil Erster Abschnitt Verwandlung von Mehrwert und Mehrwertrate 1862 April
505934,20,Teil Erster Abschnitt Verwandlung von Mehrwert und Mehrwertrate 1862 Gegenwärtig
506772,20,Teil Erster Abschnitt Verwandlung von Mehrwert und Mehrwertrate liehen Art
507643,20,Teil Erster Abschnitt Verwandlung von Mehrwert und Mehrwertrate afficiren falls
508362,20,Teil Erster Abschnitt Verwandlung von Mehrwert und Mehrwertrate setzt ein